<?xml version="1.0" encoding="UTF-8"?>
<project-private xmlns="http://www.netbeans.org/ns/project-private/1">
    <editor-bookmarks xmlns="http://www.netbeans.org/ns/editor-bookmarks/2" lastBookmarkId="0"/>
    <open-files xmlns="http://www.netbeans.org/ns/projectui-open-files/2">
        <group>
            <file>file:/C:/Users/shaik/Downloads/Bank_Management_System_PROJECT%20(3)/Bank_Management_System_PROJECT/src/bank_management_system/loanpage.java</file>
            <file>file:/C:/Users/shaik/Downloads/Bank_Management_System_PROJECT%20(3)/Bank_Management_System_PROJECT/src/bank_management_system/userlogin.java</file>
            <file>file:/C:/Users/shaik/Downloads/Bank_Management_System_PROJECT%20(3)/Bank_Management_System_PROJECT/src/bank_management_system/usersignup.java</file>
            <file>file:/C:/Users/shaik/Downloads/Bank_Management_System_PROJECT%20(3)/Bank_Management_System_PROJECT/src/bank_management_system/userpage.java</file>
            <file>file:/C:/Users/shaik/Downloads/Bank_Management_System_PROJECT%20(3)/Bank_Management_System_PROJECT/src/bank_management_system/adminpage.java</file>
        </group>
    </open-files>
</project-private>
